.threshold,specificity,sensitivity
-Inf,0,1
0.002275222290279433,0,1
0.0033175938932413773,0.004048582995951455,1
0.006155052682482398,0.0080971659919028,1
0.0064763504464244726,0.012145748987854255,1
0.006984737034578581,0.01619433198380571,1
0.007176652599669708,0.020242914979757054,1
0.0074005572785668106,0.02429149797570851,1
0.007926045310921781,0.028340080971659964,1
0.008318249187912019,0.028340080971659964,0.9791666666666666
0.008527720937934191,0.03238866396761131,0.9791666666666666
0.008700060727806713,0.036437246963562764,0.9791666666666666
0.0087947204156269,0.04048582995951422,0.9791666666666666
0.009959928620379643,0.04453441295546556,0.9791666666666666
0.012463752435149855,0.04858299595141702,0.9791666666666666
0.013102691982218695,0.052631578947368474,0.9791666666666666
0.01688034368481761,0.05668016194331982,0.9791666666666666
0.01845710825068747,0.06072874493927127,0.9791666666666666
0.01934772695649789,0.06477732793522262,0.9791666666666666
0.019557735538793586,0.06882591093117407,0.9791666666666666
0.0231960091773864,0.07287449392712553,0.9791666666666666
0.02418150927274243,0.07692307692307687,0.9791666666666666
0.025531483735550142,0.08097165991902833,0.9791666666666666
0.025766116709193487,0.08502024291497978,0.9791666666666666
0.026930587367007708,0.08906882591093113,0.9791666666666666
0.027122364414211675,0.09311740890688258,0.9791666666666666
0.028011461979356556,0.09716599190283404,0.9791666666666666
0.02908761437667451,0.10121457489878538,0.9791666666666666
0.029318420643737242,0.10526315789473684,0.9791666666666666
0.029323982044237362,0.10931174089068829,0.9791666666666666
0.030378121598167884,0.11336032388663964,0.9791666666666666
0.030774508235234865,0.11740890688259109,0.9791666666666666
0.03094768252807034,0.12145748987854255,0.9791666666666666
0.031110030451881654,0.1255060728744939,0.9791666666666666
0.03124046017758164,0.12955465587044535,0.9791666666666666
0.03143449682220101,0.1336032388663968,0.9791666666666666
0.033661013445720034,0.13765182186234814,0.9791666666666666
0.03419658321148111,0.1417004048582996,0.9791666666666666
0.03441220211309759,0.14574898785425106,0.9791666666666666
0.03471642562084687,0.1497975708502024,0.9791666666666666
0.03480038166568644,0.15384615384615385,0.9791666666666666
0.03786648542291027,0.1578947368421053,0.9791666666666666
0.03951129856623736,0.16194331983805665,0.9791666666666666
0.04043269266105742,0.1659919028340081,0.9791666666666666
0.042136477458725174,0.17004048582995956,0.9791666666666666
0.04230552254911357,0.1740890688259109,0.9791666666666666
0.043160943576497135,0.17813765182186236,0.9791666666666666
0.04508177663181445,0.18218623481781382,0.9791666666666666
0.046290429469725836,0.18623481781376516,0.9791666666666666
0.04669927657367323,0.19028340080971662,0.9791666666666666
0.04694929136445525,0.19433198380566796,0.9791666666666666
0.04911738086666739,0.19838056680161942,0.9791666666666666
0.050211492894874366,0.20242914979757087,0.9791666666666666
0.052207839519582966,0.20647773279352222,0.9791666666666666
0.05301483563605347,0.21052631578947367,0.9791666666666666
0.05350760300298263,0.21457489878542513,0.9791666666666666
0.054311429379987786,0.21862348178137647,0.9791666666666666
0.054466577048637,0.22267206477732793,0.9791666666666666
0.05642465491222193,0.22672064777327938,0.9791666666666666
0.058675330222837,0.23076923076923073,0.9791666666666666
0.061653899617352126,0.23481781376518218,0.9791666666666666
0.06226111572718063,0.23481781376518218,0.9583333333333334
0.06237908365669298,0.23886639676113364,0.9583333333333334
0.06335963193808569,0.24291497975708498,0.9583333333333334
0.06366538467659077,0.24696356275303644,0.9583333333333334
0.0683462255360825,0.2510121457489879,0.9583333333333334
0.06894837055833025,0.25506072874493924,0.9583333333333334
0.06997202461730967,0.2591093117408907,0.9583333333333334
0.070024054656736,0.26315789473684215,0.9583333333333334
0.07020380824734385,0.2672064777327935,0.9583333333333334
0.07170453982831193,0.27125506072874495,0.9583333333333334
0.07285710403222923,0.2753036437246964,0.9583333333333334
0.07336658261973783,0.27935222672064774,0.9583333333333334
0.0740562701635249,0.2834008097165992,0.9583333333333334
0.07435777892449402,0.28744939271255066,0.9583333333333334
0.07667734945297633,0.291497975708502,0.9583333333333334
0.07695757876680365,0.29554655870445345,0.9583333333333334
0.07850392695366881,0.2995951417004049,0.9583333333333334
0.07879836204889512,0.30364372469635625,0.9583333333333334
0.08002194749879943,0.3076923076923077,0.9583333333333334
0.08006349584515093,0.31174089068825916,0.9583333333333334
0.08527322673539073,0.3157894736842105,0.9583333333333334
0.08618440579693254,0.31983805668016196,0.9583333333333334
0.08681056484511107,0.3238866396761133,0.9583333333333334
0.088569628266775835,0.32793522267206476,0.9583333333333334
0.09092313760312709,0.3319838056680162,0.9583333333333334
0.09432306755726139,0.33603238866396756,0.9583333333333334
0.09568237318977835,0.340080971659919,0.9583333333333334
0.09793002744388646,0.3441295546558705,0.9583333333333334
0.09914450994767421,0.3481781376518218,0.9583333333333334
0.09974903723294137,0.3522267206477733,0.9583333333333334
0.1007635759058001,0.35627530364372473,0.9583333333333334
0.1012878687305434,0.36032388663967607,0.9583333333333334
0.10590583676885978,0.3643724696356275,0.9583333333333334
0.10640709860292719,0.368421052631579,0.9583333333333334
0.10950301331690326,0.3724696356275303,0.9583333333333334
0.1095789879473218,0.3765182186234818,0.9583333333333334
0.11129483834346277,0.38056680161943324,0.9583333333333334
0.11149687564679911,0.38056680161943324,0.9375
0.11783801541730443,0.3846153846153846,0.9375
0.11943998609137452,0.38866396761133604,0.9375
0.12134062114684341,0.3927125506072875,0.9375
0.1293912590032258,0.39676113360323884,0.9375
0.13050801608471096,0.4008097165991903,0.9375
0.1308277029949868,0.40485829959514175,0.9375
0.13315884400848366,0.4089068825910931,0.9375
0.13327816371671153,0.4089068825910931,0.9166666666666666
0.13394415333146525,0.41295546558704455,0.9166666666666666
0.13407048409022826,0.417004048582996,0.9166666666666666
0.13533802689076135,0.42105263157894735,0.9166666666666666
0.13548515347241186,0.4251012145748988,0.9166666666666666
0.14379549315051499,0.42914979757085026,0.9166666666666666
0.14551498028531384,0.4331983805668016,0.9166666666666666
0.15286856563769047,0.43724696356275305,0.9166666666666666
0.15287466424019114,0.4412955465587044,0.9166666666666666
0.15821036961736235,0.4412955465587044,0.8958333333333334
0.15879525253087867,0.44534412955465585,0.8958333333333334
0.15983484756631883,0.4493927125506073,0.8958333333333334
0.16054312008241522,0.45344129554655865,0.8958333333333334
0.1609425072044276,0.45344129554655865,0.875
0.16443677332798756,0.4574898785425101,0.875
0.16668922679521614,0.46153846153846156,0.875
0.16907992323532017,0.4655870445344129,0.875
0.16987279162832647,0.46963562753036436,0.875
0.17134725720030364,0.4736842105263158,0.875
0.17169369916434618,0.47773279352226716,0.875
0.173816385183041,0.4817813765182186,0.875
0.1778867028198725,0.4858299595141701,0.875
0.17862019393864992,0.4898785425101214,0.875
0.1786296126302238,0.4939271255060729,0.875
0.17965965961103403,0.49797570850202433,0.875
0.17971427450899768,0.5020242914979758,0.875
0.18225761837330634,0.5060728744939271,0.875
0.18299344059490108,0.5101214574898785,0.875
0.18405474397810262,0.51417004048583,0.875
0.19170250495199626,0.5182186234817814,0.875
0.1985285705376001,0.5222672064777327,0.875
0.19871735960819947,0.5263157894736843,0.875
0.20136087841132855,0.5303643724696356,0.875
0.20315447572402612,0.534412955465587,0.875
0.20346487384689316,0.5384615384615384,0.875
0.2036222290397781,0.5425101214574899,0.875
0.20450139170714243,0.5465587044534412,0.875
0.20578969887390908,0.5506072874493927,0.875
0.20790306335192843,0.5506072874493927,0.8541666666666666
0.20856805306223514,0.5546558704453441,0.8541666666666666
0.2113645215701203,0.5587044534412955,0.8541666666666666
0.21965893836244332,0.562753036437247,0.8541666666666666
0.21992055359793217,0.5668016194331984,0.8541666666666666
0.22254268337436178,0.5708502024291497,0.8541666666666666
0.22547591362061326,0.5708502024291497,0.8333333333333334
0.23145341296160904,0.5748987854251012,0.8333333333333334
0.23250912809056656,0.5748987854251012,0.8125
0.2380206179823373,0.5789473684210527,0.8125
0.24202321812987704,0.5789473684210527,0.7916666666666666
0.24203301876430505,0.582995951417004,0.7916666666666666
0.2483434269835949,0.5870445344129555,0.7916666666666666
0.2555079041388816,0.5910931174089069,0.7916666666666666
0.2597444717474332,0.5951417004048583,0.7916666666666666
0.2630285664369896,0.5991902834008097,0.7916666666666666
0.2685109453630572,0.6032388663967612,0.7916666666666666
0.2699120045632305,0.6072874493927125,0.7916666666666666
0.2711017694466973,0.611336032388664,0.7916666666666666
0.278808402321711,0.6153846153846154,0.7916666666666666
0.2790137417653872,0.6194331983805668,0.7916666666666666
0.2791050842806826,0.6234817813765182,0.7916666666666666
0.2853009393934981,0.6275303643724697,0.7916666666666666
0.29103154515012875,0.631578947368421,0.7916666666666666
0.2928256320662558,0.6356275303643725,0.7916666666666666
0.30048015126992655,0.6396761133603239,0.7916666666666666
0.30334543216085486,0.6437246963562753,0.7916666666666666
0.30618681780703194,0.6477732793522267,0.7916666666666666
0.31566368098098296,0.6518218623481782,0.7916666666666666
0.32449647517231006,0.6558704453441295,0.7916666666666666
0.3251167878249115,0.659919028340081,0.7916666666666666
0.3276518912190721,0.659919028340081,0.7708333333333334
0.33320930515200065,0.6639676113360324,0.7708333333333334
0.33412143896612057,0.6680161943319838,0.7708333333333334
0.33521324056668045,0.6680161943319838,0.75
0.3358086212664487,0.6720647773279352,0.75
0.34213834589547854,0.6761133603238867,0.75
0.3422710811388543,0.680161943319838,0.75
0.3426220414929878,0.680161943319838,0.7291666666666666
0.3429640861471386,0.6842105263157895,0.7291666666666666
0.34436379234557113,0.688259109311741,0.7291666666666666
0.34444826530522765,0.6923076923076923,0.7291666666666666
0.34582340174751436,0.6963562753036437,0.7291666666666666
0.349355762935437,0.7004048582995952,0.7291666666666666
0.3528959095074493,0.7044534412955465,0.7291666666666666
0.36120456062695205,0.708502024291498,0.7291666666666666
0.3614748796786511,0.7125506072874495,0.7291666666666666
0.36427386337886236,0.7165991902834008,0.7291666666666666
0.3677013370900438,0.7206477732793521,0.7291666666666666
0.3687236789556896,0.7246963562753037,0.7291666666666666
0.36989402021477036,0.728744939271255,0.7291666666666666
0.3714409009154297,0.7327935222672064,0.7291666666666666
0.38025257541783997,0.736842105263158,0.7291666666666666
0.39222186047765417,0.7408906882591093,0.7291666666666666
0.39578931076225765,0.7408906882591093,0.7083333333333334
0.3981222885387574,0.7449392712550607,0.7083333333333334
0.3996266219500161,0.7489878542510122,0.7083333333333334
0.4042453849571279,0.7530364372469636,0.7083333333333334
0.41458435457182496,0.7530364372469636,0.6875
0.4164643574155684,0.757085020242915,0.6875
0.4192657064482609,0.7611336032388664,0.6875
0.4393205526196057,0.7651821862348178,0.6875
0.47180344959228104,0.7692307692307692,0.6875
0.47224378530667455,0.7732793522267206,0.6875
0.4746553316766172,0.7773279352226721,0.6875
0.4752124006312889,0.7813765182186234,0.6875
0.4768483473406495,0.7854251012145749,0.6875
0.4775220818047805,0.7894736842105263,0.6875
0.47833991549023336,0.7935222672064777,0.6875
0.47851128571967083,0.7935222672064777,0.6666666666666666
0.4817135147078223,0.7975708502024291,0.6666666666666666
0.481877888038583,0.8016194331983806,0.6666666666666666
0.482348650124372,0.8056680161943319,0.6666666666666666
0.4826788093484651,0.8097165991902834,0.6666666666666666
0.4862594522608028,0.8097165991902834,0.6458333333333334
0.49121558951357314,0.8137651821862348,0.6458333333333334
0.49447964312423087,0.8178137651821862,0.6458333333333334
0.5071743579166993,0.8218623481781376,0.6458333333333334
0.5136192669686475,0.8259109311740891,0.6458333333333334
0.520667048761686,0.8259109311740891,0.625
0.5267193807992011,0.8299595141700404,0.625
0.5303723294605873,0.8340080971659919,0.625
0.5342371611365815,0.8380566801619433,0.625
0.5428856462256801,0.8421052631578947,0.625
0.5482370355817459,0.8461538461538461,0.625
0.5541049948083868,0.8461538461538461,0.6041666666666666
0.5558144661687217,0.8502024291497976,0.6041666666666666
0.5563248859712308,0.854251012145749,0.6041666666666666
0.5571132166668733,0.8582995951417004,0.6041666666666666
0.5611469693210716,0.8623481781376519,0.6041666666666666
0.5666096766026516,0.8663967611336032,0.6041666666666666
0.574711691166627,0.8704453441295547,0.6041666666666666
0.5784044901185776,0.8704453441295547,0.5833333333333334
0.5812442560780005,0.8744939271255061,0.5833333333333334
0.5876200144198386,0.8785425101214575,0.5833333333333334
0.5894695006726889,0.8825910931174089,0.5833333333333334
0.6126507722304114,0.8866396761133604,0.5833333333333334
0.6131774313766767,0.8906882591093117,0.5833333333333334
0.6148293838240357,0.8906882591093117,0.5625
0.6249382759673525,0.8947368421052632,0.5625
0.6322330454266841,0.8987854251012146,0.5625
0.6323243074303542,0.902834008097166,0.5625
0.6388840791742052,0.902834008097166,0.5416666666666666
0.6400516157262301,0.9068825910931174,0.5416666666666666
0.6414020657551998,0.9109311740890689,0.5416666666666666
0.6456227048434211,0.9149797570850202,0.5416666666666666
0.6471260394749654,0.9190283400809717,0.5416666666666666
0.651930720406674,0.9230769230769231,0.5416666666666666
0.6642924944249349,0.9271255060728745,0.5416666666666666
0.6767600948208095,0.9311740890688259,0.5416666666666666
0.6986742431113447,0.9352226720647774,0.5416666666666666
0.7017258776513557,0.9392712550607287,0.5416666666666666
0.7018417302985218,0.9392712550607287,0.5208333333333334
0.704990091435122,0.9392712550607287,0.5
0.7057504705407115,0.9392712550607287,0.4791666666666667
0.7126945926194697,0.9433198380566802,0.4791666666666667
0.7179974399071322,0.9473684210526316,0.4791666666666667
0.7181347366291035,0.9473684210526316,0.4583333333333333
0.7225119194285671,0.9473684210526316,0.4375
0.7227835132961256,0.951417004048583,0.4375
0.7275521004619947,0.951417004048583,0.4166666666666667
0.7328328782261513,0.951417004048583,0.3958333333333333
0.7398731621737191,0.951417004048583,0.375
0.7547402243375374,0.951417004048583,0.3541666666666667
0.7603210240432429,0.9554655870445344,0.3541666666666667
0.7793801047027602,0.9595141700404858,0.3541666666666667
0.7830939964692015,0.9635627530364372,0.3541666666666667
0.7943006594050095,0.9635627530364372,0.3333333333333333
0.7961376673506242,0.9635627530364372,0.3125
0.8028135782082487,0.9635627530364372,0.2916666666666667
0.805012473655926,0.9635627530364372,0.2708333333333333
0.8117650074599594,0.9635627530364372,0.25
0.8165766785680062,0.9676113360323887,0.25
0.8187529946078904,0.9676113360323887,0.22916666666666666
0.8237338815598388,0.97165991902834,0.22916666666666666
0.8305389919369504,0.9757085020242915,0.22916666666666666
0.8333830913148652,0.9757085020242915,0.20833333333333334
0.8352124957450935,0.979757085020243,0.20833333333333334
0.8419488512675719,0.9838056680161943,0.20833333333333334
0.8542446053626483,0.9838056680161943,0.1875
0.8606142777885348,0.9878542510121457,0.1875
0.8683672794261847,0.9919028340080972,0.1875
0.885715802001761,0.9959514170040485,0.1875
0.8924503719413931,0.9959514170040485,0.16666666666666666
0.8935221830410717,0.9959514170040485,0.14583333333333334
0.9082932214297528,0.9959514170040485,0.125
0.9194842069374913,1,0.125
0.9343760454278512,1,0.10416666666666667
0.9555096255294927,1,0.08333333333333333
0.9660503089321859,1,0.0625
0.9778823895549816,1,0.041666666666666664
0.994305640008421,1,0.020833333333333332
Inf,1,0
