term,estimate,penalty,importance
over_time_Yes,-0.8460099692286591,0.01,0.8460099692286591
job_level_3,0.48933706896144985,0.01,0.48933706896144985
years_with_curr_manager,0.41722576779821363,0.01,0.41722576779821363
total_working_years,0.4058771945692883,0.01,0.4058771945692883
job_role_Manager,0.3893646055169327,0.01,0.3893646055169327
job_involvement_1,0.38699491406424813,0.01,0.38699491406424813
marital_status_Single,-0.38459185256810635,0.01,0.38459185256810635
num_companies_worked,-0.38364009272257416,0.01,0.38364009272257416
job_level_5,0.377079524904513,0.01,0.377079524904513
distance_from_home,-0.37590032575317683,0.01,0.37590032575317683
