term,estimate,penalty
(Intercept),1.135620304705966,0.01
age,0.16544909339588643,0.01
distance_from_home,-0.37590032575317683,0.01
monthly_income,0.04550231948927931,0.01
num_companies_worked,-0.38364009272257416,0.01
percent_salary_hike,0.030934107567037343,0.01
stock_option_level,0.17592750371493954,0.01
total_working_years,0.4058771945692883,0.01
years_at_company,-0.2764541877840686,0.01
years_in_current_role,0.19297761541257735,0.01
years_since_last_promotion,-0.3630990402984983,0.01
years_with_curr_manager,0.41722576779821363,0.01
environment_satisfaction_1,0.08221948221287212,0.01
environment_satisfaction_2,-0.2720277229372173,0.01
environment_satisfaction_3,0,0.01
environment_satisfaction_4,-0.16409109874860506,0.01
job_satisfaction_1,0.3380301897832389,0.01
job_satisfaction_2,-6.403344632968166e-5,0.01
job_satisfaction_3,0,0.01
job_satisfaction_4,-0.07175600158913381,0.01
marital_status_Single,-0.38459185256810635,0.01
marital_status_Divorced,0.14674074071405202,0.01
over_time_Yes,-0.8460099692286591,0.01
relationship_satisfaction_1,0,0.01
relationship_satisfaction_2,-0.2650992113664658,0.01
relationship_satisfaction_3,0.12740946883030574,0.01
relationship_satisfaction_4,0,0.01
work_life_balance_1,0.07654108523071727,0.01
work_life_balance_2,-0.1554163057826392,0.01
work_life_balance_3,0,0.01
work_life_balance_4,-0.0104865054447818,0.01
business_travel_Travel_Frequently,-0.20949337149086925,0.01
business_travel_Non.Travel,0.31796471719703723,0.01
department_Human.Resources,0,0.01
department_Sales,-0.3444333138887302,0.01
education_1,0,0.01
education_2,0.036996065340745704,0.01
education_3,-0.011890112882563735,0.01
education_4,-0.10600341281896557,0.01
education_5,0,0.01
education_field_Technical.Degree,-0.06037787615636066,0.01
education_field_Life.Sciences,0.12715102826154068,0.01
education_field_Marketing,0,0.01
education_field_Medical,0,0.01
education_field_Other,0.15779006500755224,0.01
gender_Female,0.09148706492434522,0.01
job_involvement_1,0.38699491406424813,0.01
job_involvement_2,-0.10744980557756015,0.01
job_involvement_3,0,0.01
job_involvement_4,-0.2203661934307536,0.01
job_level_1,0,0.01
job_level_2,-0.027556885714383764,0.01
job_level_3,0.48933706896144985,0.01
job_level_4,0,0.01
job_level_5,0.377079524904513,0.01
job_role_Human.Resources,-2.079911701342063e-4,0.01
job_role_Laboratory.Technician,-0.1401283659801004,0.01
job_role_Manager,0.3893646055169327,0.01
job_role_Manufacturing.Director,0.19181294493321455,0.01
job_role_Research.Director,0.274051589511363,0.01
job_role_Research.Scientist,0.22481602071246598,0.01
job_role_Sales.Executive,-0.049539285252562126,0.01
job_role_Sales.Representative,0,0.01
performance_rating_X4,0,0.01
