.threshold,specificity,sensitivity,model
-Inf,0,1,Logistic Regression
0.00227522229027943,0,1,Logistic Regression
0.00331759389324137,0.00404858299595145,1,Logistic Regression
0.00615505268248239,0.0080971659919028,1,Logistic Regression
0.00647635044642447,0.01214574898785425,1,Logistic Regression
0.00698473703457858,0.01619433198380571,1,Logistic Regression
0.0071766525996697,0.02024291497975705,1,Logistic Regression
0.00740055727856681,0.02429149797570851,1,Logistic Regression
0.00792604531092178,0.02834008097165996,1,Logistic Regression
0.00831824918791201,0.02834008097165996,0.9791666666666666,Logistic Regression
0.00852772093793419,0.03238866396761131,0.9791666666666666,Logistic Regression
0.00870006072780671,0.03643724696356276,0.9791666666666666,Logistic Regression
0.0087947204156269,0.04048582995951422,0.9791666666666666,Logistic Regression
0.00995992862037964,0.04453441295546556,0.9791666666666666,Logistic Regression
0.01246375243514985,0.04858299595141702,0.9791666666666666,Logistic Regression
0.01310269198221869,0.05263157894736847,0.9791666666666666,Logistic Regression
0.01688034368481761,0.05668016194331982,0.9791666666666666,Logistic Regression
0.01845710825068747,0.06072874493927127,0.9791666666666666,Logistic Regression
0.01934772695649789,0.06477732793522262,0.9791666666666666,Logistic Regression
0.01955773553879358,0.06882591093117407,0.9791666666666666,Logistic Regression
0.0231960091773864,0.07287449392712553,0.9791666666666666,Logistic Regression
0.02418150927274243,0.07692307692307687,0.9791666666666666,Logistic Regression
0.02553148373555014,0.08097165991902833,0.9791666666666666,Logistic Regression
0.02576611670919348,0.08502024291497978,0.9791666666666666,Logistic Regression
0.0269305873670077,0.08906882591093113,0.9791666666666666,Logistic Regression
0.02712236441421167,0.09311740890688258,0.9791666666666666,Logistic Regression
0.02801146197935655,0.09716599190283404,0.9791666666666666,Logistic Regression
0.02908761437667451,0.10121457489878538,0.9791666666666666,Logistic Regression
0.02931842064373724,0.10526315789473684,0.9791666666666666,Logistic Regression
0.02932398204423736,0.10931174089068828,0.9791666666666666,Logistic Regression
0.03037812159816788,0.11336032388663964,0.9791666666666666,Logistic Regression
0.03077450823523486,0.11740890688259108,0.9791666666666666,Logistic Regression
0.03094768252807034,0.12145748987854256,0.9791666666666666,Logistic Regression
0.03111003045188165,0.1255060728744939,0.9791666666666666,Logistic Regression
0.03124046017758164,0.12955465587044537,0.9791666666666666,Logistic Regression
0.03143449682220101,0.1336032388663968,0.9791666666666666,Logistic Regression
0.03366101344572003,0.13765182186234814,0.9791666666666666,Logistic Regression
0.03419658321148111,0.1417004048582996,0.9791666666666666,Logistic Regression
0.03441220211309759,0.14574898785425106,0.9791666666666666,Logistic Regression
0.03471642562084687,0.1497975708502024,0.9791666666666666,Logistic Regression
0.03480038166568644,0.15384615384615383,0.9791666666666666,Logistic Regression
0.03786648542291027,0.1578947368421053,0.9791666666666666,Logistic Regression
0.03951129856623736,0.16194331983805663,0.9791666666666666,Logistic Regression
0.04043269266105742,0.1659919028340081,0.9791666666666666,Logistic Regression
0.04213647745872517,0.17004048582995956,0.9791666666666666,Logistic Regression
0.04230552254911357,0.1740890688259109,0.9791666666666666,Logistic Regression
0.04316094357649713,0.17813765182186236,0.9791666666666666,Logistic Regression
0.04508177663181445,0.18218623481781385,0.9791666666666666,Logistic Regression
0.04629042946972583,0.18623481781376516,0.9791666666666666,Logistic Regression
0.04669927657367323,0.19028340080971665,0.9791666666666666,Logistic Regression
0.04694929136445525,0.19433198380566796,0.9791666666666666,Logistic Regression
0.04911738086666739,0.19838056680161945,0.9791666666666666,Logistic Regression
0.05021149289487436,0.20242914979757087,0.9791666666666666,Logistic Regression
0.05220783951958296,0.20647773279352225,0.9791666666666666,Logistic Regression
0.05301483563605347,0.21052631578947367,0.9791666666666666,Logistic Regression
0.05350760300298263,0.21457489878542513,0.9791666666666666,Logistic Regression
0.05431142937998778,0.21862348178137647,0.9791666666666666,Logistic Regression
0.054466577048637,0.22267206477732793,0.9791666666666666,Logistic Regression
0.05642465491222193,0.22672064777327935,0.9791666666666666,Logistic Regression
0.058675330222837,0.23076923076923073,0.9791666666666666,Logistic Regression
0.06165389961735212,0.23481781376518215,0.9791666666666666,Logistic Regression
0.06226111572718063,0.23481781376518215,0.9583333333333334,Logistic Regression
0.06237908365669298,0.23886639676113364,0.9583333333333334,Logistic Regression
0.06335963193808569,0.24291497975708495,0.9583333333333334,Logistic Regression
0.06366538467659077,0.24696356275303644,0.9583333333333334,Logistic Regression
0.0683462255360825,0.2510121457489879,0.9583333333333334,Logistic Regression
0.06894837055833025,0.25506072874493924,0.9583333333333334,Logistic Regression
0.06997202461730967,0.2591093117408907,0.9583333333333334,Logistic Regression
0.070024054656736,0.26315789473684215,0.9583333333333334,Logistic Regression
0.07020380824734385,0.2672064777327935,0.9583333333333334,Logistic Regression
0.07170453982831193,0.27125506072874495,0.9583333333333334,Logistic Regression
0.07285710403222923,0.2753036437246964,0.9583333333333334,Logistic Regression
0.07336658261973783,0.27935222672064774,0.9583333333333334,Logistic Regression
0.0740562701635249,0.2834008097165992,0.9583333333333334,Logistic Regression
0.07435777892449402,0.28744939271255066,0.9583333333333334,Logistic Regression
0.07667734945297633,0.291497975708502,0.9583333333333334,Logistic Regression
0.07695757876680365,0.29554655870445345,0.9583333333333334,Logistic Regression
0.07850392695366881,0.2995951417004049,0.9583333333333334,Logistic Regression
0.07879836204889512,0.30364372469635625,0.9583333333333334,Logistic Regression
0.08002194749879943,0.3076923076923077,0.9583333333333334,Logistic Regression
0.08006349584515093,0.31174089068825916,0.9583333333333334,Logistic Regression
0.08527322673539073,0.3157894736842105,0.9583333333333334,Logistic Regression
0.08618440579693254,0.31983805668016196,0.9583333333333334,Logistic Regression
0.08681056484511107,0.3238866396761133,0.9583333333333334,Logistic Regression
0.088569628266775835,0.32793522267206476,0.9583333333333334,Logistic Regression
0.09092313760312708,0.3319838056680162,0.9583333333333334,Logistic Regression
0.0943230675572614,0.33603238866396756,0.9583333333333334,Logistic Regression
0.09568237318977836,0.340080971659919,0.9583333333333334,Logistic Regression
0.09793002744388646,0.3441295546558705,0.9583333333333334,Logistic Regression
0.0991445099476742,0.3481781376518218,0.9583333333333334,Logistic Regression
0.09974903723294136,0.3522267206477733,0.9583333333333334,Logistic Regression
0.1007635759058001,0.35627530364372473,0.9583333333333334,Logistic Regression
0.1012878687305434,0.36032388663967607,0.9583333333333334,Logistic Regression
0.10590583676885978,0.3643724696356275,0.9583333333333334,Logistic Regression
0.1064070986029272,0.368421052631579,0.9583333333333334,Logistic Regression
0.10950301331690326,0.3724696356275303,0.9583333333333334,Logistic Regression
0.1095789879473218,0.3765182186234818,0.9583333333333334,Logistic Regression
0.11129483834346277,0.3805668016194333,0.9583333333333334,Logistic Regression
0.11149687564679912,0.3805668016194333,0.9375,Logistic Regression
0.11783801541730445,0.3846153846153846,0.9375,Logistic Regression
0.11943998609137452,0.388663967611336,0.9375,Logistic Regression
0.1213406211468434,0.3927125506072875,0.9375,Logistic Regression
0.1293912590032258,0.3967611336032389,0.9375,Logistic Regression
0.13050801608471096,0.4008097165991903,0.9375,Logistic Regression
0.1308277029949868,0.40485829959514175,0.9375,Logistic Regression
0.13315884400848366,0.4089068825910931,0.9375,Logistic Regression
0.13327816371671153,0.4089068825910931,0.9166666666666666,Logistic Regression
0.13394415333146523,0.41295546558704455,0.9166666666666666,Logistic Regression
0.13407048409022826,0.417004048582996,0.9166666666666666,Logistic Regression
0.13533802689076135,0.42105263157894735,0.9166666666666666,Logistic Regression
0.13548515347241186,0.4251012145748988,0.9166666666666666,Logistic Regression
0.143795493150515,0.42914979757085026,0.9166666666666666,Logistic Regression
0.14551498028531384,0.4331983805668016,0.9166666666666666,Logistic Regression
0.15286856563769047,0.43724696356275305,0.9166666666666666,Logistic Regression
0.15287466424019114,0.4412955465587044,0.9166666666666666,Logistic Regression
0.15821036961736237,0.4412955465587044,0.8958333333333334,Logistic Regression
0.15879525253087867,0.44534412955465585,0.8958333333333334,Logistic Regression
0.15983484756631883,0.4493927125506073,0.8958333333333334,Logistic Regression
0.16054312008241522,0.45344129554655865,0.8958333333333334,Logistic Regression
0.1609425072044276,0.45344129554655865,0.875,Logistic Regression
0.16443677332798756,0.4574898785425101,0.875,Logistic Regression
0.16668922679521614,0.4615384615384616,0.875,Logistic Regression
0.16907992323532017,0.4655870445344129,0.875,Logistic Regression
0.16987279162832647,0.4696356275303643,0.875,Logistic Regression
0.17134725720030364,0.4736842105263158,0.875,Logistic Regression
0.17169369916434618,0.4777327935222672,0.875,Logistic Regression
0.173816385183041,0.4817813765182186,0.875,Logistic Regression
0.1778867028198725,0.4858299595141701,0.875,Logistic Regression
0.17862019393864992,0.4898785425101214,0.875,Logistic Regression
0.1786296126302238,0.4939271255060729,0.875,Logistic Regression
0.17965965961103403,0.49797570850202433,0.875,Logistic Regression
0.17971427450899768,0.5020242914979758,0.875,Logistic Regression
0.1822576183733063,0.5060728744939271,0.875,Logistic Regression
0.18299344059490108,0.5101214574898785,0.875,Logistic Regression
0.18405474397810265,0.51417004048583,0.875,Logistic Regression
0.19170250495199623,0.5182186234817814,0.875,Logistic Regression
0.1985285705376001,0.5222672064777327,0.875,Logistic Regression
0.19871735960819947,0.5263157894736843,0.875,Logistic Regression
0.20136087841132855,0.5303643724696356,0.875,Logistic Regression
0.20315447572402612,0.534412955465587,0.875,Logistic Regression
0.20346487384689316,0.5384615384615384,0.875,Logistic Regression
0.2036222290397781,0.5425101214574899,0.875,Logistic Regression
0.20450139170714243,0.5465587044534412,0.875,Logistic Regression
0.20578969887390908,0.5506072874493927,0.875,Logistic Regression
0.20790306335192843,0.5506072874493927,0.8541666666666666,Logistic Regression
0.2085680530622351,0.5546558704453441,0.8541666666666666,Logistic Regression
0.2113645215701203,0.5587044534412955,0.8541666666666666,Logistic Regression
0.21965893836244332,0.562753036437247,0.8541666666666666,Logistic Regression
0.21992055359793217,0.5668016194331984,0.8541666666666666,Logistic Regression
0.22254268337436175,0.5708502024291497,0.8541666666666666,Logistic Regression
0.22547591362061328,0.5708502024291497,0.8333333333333334,Logistic Regression
0.23145341296160904,0.5748987854251012,0.8333333333333334,Logistic Regression
0.23250912809056656,0.5748987854251012,0.8125,Logistic Regression
0.2380206179823373,0.5789473684210527,0.8125,Logistic Regression
0.24202321812987704,0.5789473684210527,0.7916666666666666,Logistic Regression
0.24203301876430505,0.582995951417004,0.7916666666666666,Logistic Regression
0.2483434269835949,0.5870445344129555,0.7916666666666666,Logistic Regression
0.2555079041388816,0.5910931174089069,0.7916666666666666,Logistic Regression
0.2597444717474332,0.5951417004048583,0.7916666666666666,Logistic Regression
0.2630285664369896,0.5991902834008097,0.7916666666666666,Logistic Regression
0.2685109453630572,0.6032388663967612,0.7916666666666666,Logistic Regression
0.2699120045632305,0.6072874493927125,0.7916666666666666,Logistic Regression
0.2711017694466973,0.611336032388664,0.7916666666666666,Logistic Regression
0.278808402321711,0.6153846153846154,0.7916666666666666,Logistic Regression
0.2790137417653872,0.6194331983805668,0.7916666666666666,Logistic Regression
0.2791050842806826,0.6234817813765182,0.7916666666666666,Logistic Regression
0.2853009393934981,0.6275303643724697,0.7916666666666666,Logistic Regression
0.29103154515012875,0.631578947368421,0.7916666666666666,Logistic Regression
0.2928256320662558,0.6356275303643725,0.7916666666666666,Logistic Regression
0.30048015126992655,0.6396761133603239,0.7916666666666666,Logistic Regression
0.30334543216085486,0.6437246963562753,0.7916666666666666,Logistic Regression
0.30618681780703194,0.6477732793522267,0.7916666666666666,Logistic Regression
0.31566368098098296,0.6518218623481782,0.7916666666666666,Logistic Regression
0.32449647517231006,0.6558704453441295,0.7916666666666666,Logistic Regression
0.3251167878249115,0.659919028340081,0.7916666666666666,Logistic Regression
0.3276518912190721,0.659919028340081,0.7708333333333334,Logistic Regression
0.33320930515200065,0.6639676113360324,0.7708333333333334,Logistic Regression
0.33412143896612057,0.6680161943319838,0.7708333333333334,Logistic Regression
0.33521324056668045,0.6680161943319838,0.75,Logistic Regression
0.3358086212664487,0.6720647773279352,0.75,Logistic Regression
0.34213834589547854,0.6761133603238867,0.75,Logistic Regression
0.3422710811388543,0.680161943319838,0.75,Logistic Regression
0.3426220414929878,0.680161943319838,0.7291666666666666,Logistic Regression
0.3429640861471386,0.6842105263157895,0.7291666666666666,Logistic Regression
0.34436379234557113,0.688259109311741,0.7291666666666666,Logistic Regression
0.34444826530522765,0.6923076923076923,0.7291666666666666,Logistic Regression
0.34582340174751436,0.6963562753036437,0.7291666666666666,Logistic Regression
0.349355762935437,0.7004048582995952,0.7291666666666666,Logistic Regression
0.3528959095074493,0.7044534412955465,0.7291666666666666,Logistic Regression
0.36120456062695205,0.708502024291498,0.7291666666666666,Logistic Regression
0.3614748796786511,0.7125506072874495,0.7291666666666666,Logistic Regression
0.3642738633788624,0.7165991902834008,0.7291666666666666,Logistic Regression
0.3677013370900438,0.7206477732793521,0.7291666666666666,Logistic Regression
0.3687236789556896,0.7246963562753037,0.7291666666666666,Logistic Regression
0.3698940202147704,0.728744939271255,0.7291666666666666,Logistic Regression
0.3714409009154297,0.7327935222672064,0.7291666666666666,Logistic Regression
0.38025257541784,0.736842105263158,0.7291666666666666,Logistic Regression
0.39222186047765417,0.7408906882591093,0.7291666666666666,Logistic Regression
0.3957893107622577,0.7408906882591093,0.7083333333333334,Logistic Regression
0.3981222885387574,0.7449392712550607,0.7083333333333334,Logistic Regression
0.3996266219500161,0.7489878542510122,0.7083333333333334,Logistic Regression
0.4042453849571279,0.7530364372469636,0.7083333333333334,Logistic Regression
0.41458435457182496,0.7530364372469636,0.6875,Logistic Regression
0.4164643574155684,0.757085020242915,0.6875,Logistic Regression
0.4192657064482609,0.7611336032388664,0.6875,Logistic Regression
0.4393205526196057,0.7651821862348178,0.6875,Logistic Regression
0.47180344959228104,0.7692307692307692,0.6875,Logistic Regression
0.47224378530667455,0.7732793522267206,0.6875,Logistic Regression
0.4746553316766172,0.7773279352226721,0.6875,Logistic Regression
0.4752124006312889,0.7813765182186234,0.6875,Logistic Regression
0.4768483473406495,0.7854251012145749,0.6875,Logistic Regression
0.4775220818047805,0.7894736842105263,0.6875,Logistic Regression
0.47833991549023336,0.7935222672064777,0.6875,Logistic Regression
0.4785112857196708,0.7935222672064777,0.6666666666666666,Logistic Regression
0.4817135147078223,0.7975708502024291,0.6666666666666666,Logistic Regression
0.481877888038583,0.8016194331983806,0.6666666666666666,Logistic Regression
0.482348650124372,0.8056680161943319,0.6666666666666666,Logistic Regression
0.4826788093484651,0.8097165991902834,0.6666666666666666,Logistic Regression
0.4862594522608028,0.8097165991902834,0.6458333333333334,Logistic Regression
0.49121558951357314,0.8137651821862348,0.6458333333333334,Logistic Regression
0.49447964312423087,0.8178137651821862,0.6458333333333334,Logistic Regression
0.5071743579166993,0.8218623481781376,0.6458333333333334,Logistic Regression
0.5136192669686475,0.8259109311740891,0.6458333333333334,Logistic Regression
0.520667048761686,0.8259109311740891,0.625,Logistic Regression
0.5267193807992011,0.8299595141700404,0.625,Logistic Regression
0.5303723294605873,0.8340080971659919,0.625,Logistic Regression
0.5342371611365815,0.8380566801619433,0.625,Logistic Regression
0.5428856462256801,0.8421052631578947,0.625,Logistic Regression
0.5482370355817459,0.8461538461538461,0.625,Logistic Regression
0.5541049948083868,0.8461538461538461,0.6041666666666666,Logistic Regression
0.5558144661687217,0.8502024291497976,0.6041666666666666,Logistic Regression
0.5563248859712308,0.854251012145749,0.6041666666666666,Logistic Regression
0.5571132166668733,0.8582995951417004,0.6041666666666666,Logistic Regression
0.5611469693210716,0.8623481781376519,0.6041666666666666,Logistic Regression
0.5666096766026516,0.8663967611336032,0.6041666666666666,Logistic Regression
0.574711691166627,0.8704453441295547,0.6041666666666666,Logistic Regression
0.5784044901185776,0.8704453441295547,0.5833333333333334,Logistic Regression
0.5812442560780005,0.8744939271255061,0.5833333333333334,Logistic Regression
0.5876200144198386,0.8785425101214575,0.5833333333333334,Logistic Regression
0.5894695006726889,0.8825910931174089,0.5833333333333334,Logistic Regression
0.6126507722304114,0.8866396761133604,0.5833333333333334,Logistic Regression
0.6131774313766767,0.8906882591093117,0.5833333333333334,Logistic Regression
0.6148293838240357,0.8906882591093117,0.5625,Logistic Regression
0.6249382759673525,0.8947368421052632,0.5625,Logistic Regression
0.6322330454266841,0.8987854251012146,0.5625,Logistic Regression
0.6323243074303542,0.902834008097166,0.5625,Logistic Regression
0.6388840791742052,0.902834008097166,0.5416666666666666,Logistic Regression
0.6400516157262301,0.9068825910931174,0.5416666666666666,Logistic Regression
0.6414020657551998,0.9109311740890688,0.5416666666666666,Logistic Regression
0.6456227048434211,0.9149797570850202,0.5416666666666666,Logistic Regression
0.6471260394749654,0.9190283400809716,0.5416666666666666,Logistic Regression
0.651930720406674,0.9230769230769232,0.5416666666666666,Logistic Regression
0.6642924944249349,0.9271255060728744,0.5416666666666666,Logistic Regression
0.6767600948208095,0.931174089068826,0.5416666666666666,Logistic Regression
0.6986742431113447,0.9352226720647774,0.5416666666666666,Logistic Regression
0.7017258776513557,0.9392712550607288,0.5416666666666666,Logistic Regression
0.7018417302985218,0.9392712550607288,0.5208333333333334,Logistic Regression
0.704990091435122,0.9392712550607288,0.5,Logistic Regression
0.7057504705407115,0.9392712550607288,0.4791666666666667,Logistic Regression
0.7126945926194697,0.9433198380566802,0.4791666666666667,Logistic Regression
0.7179974399071322,0.9473684210526316,0.4791666666666667,Logistic Regression
0.7181347366291035,0.9473684210526316,0.4583333333333333,Logistic Regression
0.7225119194285671,0.9473684210526316,0.4375,Logistic Regression
0.7227835132961256,0.951417004048583,0.4375,Logistic Regression
0.7275521004619947,0.951417004048583,0.4166666666666667,Logistic Regression
0.7328328782261513,0.951417004048583,0.3958333333333333,Logistic Regression
0.7398731621737191,0.951417004048583,0.375,Logistic Regression
0.7547402243375374,0.951417004048583,0.3541666666666667,Logistic Regression
0.7603210240432429,0.9554655870445344,0.3541666666666667,Logistic Regression
0.7793801047027602,0.9595141700404858,0.3541666666666667,Logistic Regression
0.7830939964692015,0.9635627530364372,0.3541666666666667,Logistic Regression
0.7943006594050095,0.9635627530364372,0.3333333333333333,Logistic Regression
0.7961376673506242,0.9635627530364372,0.3125,Logistic Regression
0.8028135782082487,0.9635627530364372,0.2916666666666667,Logistic Regression
0.805012473655926,0.9635627530364372,0.2708333333333333,Logistic Regression
0.8117650074599594,0.9635627530364372,0.25,Logistic Regression
0.8165766785680062,0.9676113360323888,0.25,Logistic Regression
0.8187529946078904,0.9676113360323888,0.22916666666666663,Logistic Regression
0.8237338815598388,0.97165991902834,0.22916666666666663,Logistic Regression
0.8305389919369504,0.9757085020242916,0.22916666666666663,Logistic Regression
0.8333830913148652,0.9757085020242916,0.20833333333333337,Logistic Regression
0.8352124957450935,0.979757085020243,0.20833333333333337,Logistic Regression
0.8419488512675719,0.9838056680161944,0.20833333333333337,Logistic Regression
0.8542446053626483,0.9838056680161944,0.1875,Logistic Regression
0.8606142777885348,0.9878542510121456,0.1875,Logistic Regression
0.8683672794261847,0.9919028340080972,0.1875,Logistic Regression
0.885715802001761,0.9959514170040484,0.1875,Logistic Regression
0.8924503719413931,0.9959514170040484,0.16666666666666666,Logistic Regression
0.8935221830410717,0.9959514170040484,0.14583333333333334,Logistic Regression
0.9082932214297528,0.9959514170040484,0.125,Logistic Regression
0.9194842069374912,1,0.125,Logistic Regression
0.9343760454278512,1,0.10416666666666669,Logistic Regression
0.9555096255294928,1,0.08333333333333333,Logistic Regression
0.966050308932186,1,0.0625,Logistic Regression
0.9778823895549816,1,0.04166666666666666,Logistic Regression
0.994305640008421,1,0.02083333333333333,Logistic Regression
Inf,1,0,Logistic Regression
-Inf,0,1,XGBoost
0.003141197608783841,0,1,XGBoost
0.005528900306671858,0.004048582995951455,1,XGBoost
0.007541272323578596,0.0080971659919028,1,XGBoost
0.007700950838625431,0.012145748987854255,1,XGBoost
0.008914867416024208,0.01619433198380571,1,XGBoost
0.010002166032791138,0.01619433198380571,0.9791666666666666,XGBoost
0.010257945396006107,0.020242914979757054,0.9791666666666666,XGBoost
0.010561564937233925,0.02429149797570851,0.9791666666666666,XGBoost
0.010619278997182846,0.028340080971659964,0.9791666666666666,XGBoost
0.011775351129472256,0.03238866396761131,0.9791666666666666,XGBoost
0.012181050144135952,0.036437246963562764,0.9791666666666666,XGBoost
0.012818178161978722,0.04048582995951422,0.9791666666666666,XGBoost
0.013588757254183292,0.04453441295546556,0.9791666666666666,XGBoost
0.013637630268931389,0.04858299595141702,0.9791666666666666,XGBoost
0.01382055226713419,0.052631578947368474,0.9791666666666666,XGBoost
0.014096511527895927,0.05668016194331982,0.9791666666666666,XGBoost
0.014223970472812653,0.05668016194331982,0.9583333333333334,XGBoost
0.01423675287514925,0.06072874493927127,0.9583333333333334,XGBoost
0.014475949108600616,0.06477732793522262,0.9583333333333334,XGBoost
0.01508942898362875,0.06882591093117407,0.9583333333333334,XGBoost
0.01672726683318615,0.07287449392712553,0.9583333333333334,XGBoost
0.016737820580601692,0.07692307692307687,0.9583333333333334,XGBoost
0.01770678348839283,0.08097165991902833,0.9583333333333334,XGBoost
0.01770757883787155,0.08502024291497978,0.9583333333333334,XGBoost
0.017893975600600243,0.08906882591093113,0.9583333333333334,XGBoost
0.018438633531332016,0.09311740890688258,0.9583333333333334,XGBoost
0.018667662516236305,0.09716599190283404,0.9583333333333334,XGBoost
0.018719397485256195,0.10121457489878538,0.9583333333333334,XGBoost
0.020103180781006813,0.10526315789473684,0.9583333333333334,XGBoost
0.020632077008485794,0.10931174089068829,0.9583333333333334,XGBoost
0.021788742393255234,0.11336032388663964,0.9583333333333334,XGBoost
0.02193625085055828,0.11740890688259109,0.9583333333333334,XGBoost
0.022241147235035896,0.12145748987854255,0.9583333333333334,XGBoost
0.02243611216545105,0.1255060728744939,0.9583333333333334,XGBoost
0.02267337776720524,0.12955465587044535,0.9583333333333334,XGBoost
0.023031972348690033,0.1336032388663968,0.9583333333333334,XGBoost
0.02373223751783371,0.13765182186234814,0.9583333333333334,XGBoost
0.023875467479228973,0.1417004048582996,0.9583333333333334,XGBoost
0.024665532633662224,0.14574898785425106,0.9583333333333334,XGBoost
0.02478734590113163,0.1497975708502024,0.9583333333333334,XGBoost
0.024894779548048973,0.15384615384615385,0.9583333333333334,XGBoost
0.025133907794952393,0.1578947368421053,0.9583333333333334,XGBoost
0.02588837780058384,0.16194331983805665,0.9583333333333334,XGBoost
0.026100078597664833,0.1659919028340081,0.9583333333333334,XGBoost
0.02627738192677498,0.17004048582995956,0.9583333333333334,XGBoost
0.02645840495824814,0.1740890688259109,0.9583333333333334,XGBoost
0.026815764605998993,0.17813765182186236,0.9583333333333334,XGBoost
0.02733256109058857,0.17813765182186236,0.9375,XGBoost
0.028275616466999054,0.18218623481781382,0.9375,XGBoost
0.02830406092107296,0.18623481781376516,0.9375,XGBoost
0.028432106599211693,0.19028340080971662,0.9375,XGBoost
0.02847910299897194,0.19433198380566796,0.9375,XGBoost
0.02883896417915821,0.19838056680161942,0.9375,XGBoost
0.02896190993487835,0.20242914979757087,0.9375,XGBoost
0.03036206029355526,0.20647773279352222,0.9375,XGBoost
0.03237369284033775,0.21052631578947367,0.9375,XGBoost
0.03238855302333832,0.21457489878542513,0.9375,XGBoost
0.032549645751714706,0.21862348178137647,0.9375,XGBoost
0.03302522003650665,0.21862348178137647,0.9166666666666666,XGBoost
0.033328380435705185,0.22267206477732793,0.9166666666666666,XGBoost
0.03364481031894684,0.22672064777327938,0.9166666666666666,XGBoost
0.03386632353067398,0.23076923076923073,0.9166666666666666,XGBoost
0.034229692071676254,0.23481781376518218,0.9166666666666666,XGBoost
0.034489091485738754,0.23886639676113364,0.9166666666666666,XGBoost
0.0351773276925087,0.24291497975708498,0.9166666666666666,XGBoost
0.03555934876203537,0.24696356275303644,0.9166666666666666,XGBoost
0.03631822392344475,0.2510121457489879,0.9166666666666666,XGBoost
0.036634765565395355,0.25506072874493924,0.9166666666666666,XGBoost
0.03764228895306587,0.2591093117408907,0.9166666666666666,XGBoost
0.03784557804465294,0.26315789473684215,0.9166666666666666,XGBoost
0.03814728558063507,0.2672064777327935,0.9166666666666666,XGBoost
0.038459472358226776,0.27125506072874495,0.9166666666666666,XGBoost
0.03852370008826256,0.2753036437246964,0.9166666666666666,XGBoost
0.038566458970308304,0.27935222672064774,0.9166666666666666,XGBoost
0.03887128084897995,0.2834008097165992,0.9166666666666666,XGBoost
0.0391848087310791,0.28744939271255066,0.9166666666666666,XGBoost
0.039422255009412766,0.291497975708502,0.9166666666666666,XGBoost
0.03998878598213196,0.291497975708502,0.8958333333333334,XGBoost
0.04026126116514206,0.29554655870445345,0.8958333333333334,XGBoost
0.04028419777750969,0.2995951417004049,0.8958333333333334,XGBoost
0.040300413966178894,0.30364372469635625,0.8958333333333334,XGBoost
0.040947239845991135,0.3076923076923077,0.8958333333333334,XGBoost
0.04097149521112442,0.31174089068825916,0.8958333333333334,XGBoost
0.04152607172727585,0.3157894736842105,0.8958333333333334,XGBoost
0.04162998124957085,0.31983805668016196,0.8958333333333334,XGBoost
0.04200442135334015,0.3238866396761133,0.8958333333333334,XGBoost
0.042218033224344254,0.32793522267206476,0.8958333333333334,XGBoost
0.042648766189813614,0.3319838056680162,0.8958333333333334,XGBoost
0.042752817273139954,0.33603238866396756,0.8958333333333334,XGBoost
0.04329211264848709,0.340080971659919,0.8958333333333334,XGBoost
0.043471742421388626,0.3441295546558705,0.8958333333333334,XGBoost
0.04400814324617386,0.3481781376518218,0.8958333333333334,XGBoost
0.04454617202281952,0.3522267206477733,0.8958333333333334,XGBoost
0.04497998207807541,0.35627530364372473,0.8958333333333334,XGBoost
0.04559535160660744,0.36032388663967607,0.8958333333333334,XGBoost
0.04569229483604431,0.3643724696356275,0.8958333333333334,XGBoost
0.04580744355916977,0.368421052631579,0.8958333333333334,XGBoost
0.04649903625249863,0.3724696356275303,0.8958333333333334,XGBoost
0.0480661615729332,0.3724696356275303,0.875,XGBoost
0.04882767051458359,0.3765182186234818,0.875,XGBoost
0.04947593808174133,0.38056680161943324,0.875,XGBoost
0.04958777874708176,0.3846153846153846,0.875,XGBoost
0.05091218277812004,0.38866396761133604,0.875,XGBoost
0.05106358975172043,0.3927125506072875,0.875,XGBoost
0.05149317532777786,0.39676113360323884,0.875,XGBoost
0.05349249392747879,0.4008097165991903,0.875,XGBoost
0.05469252169132233,0.40485829959514175,0.875,XGBoost
0.05527985468506813,0.4089068825910931,0.875,XGBoost
0.055433355271816254,0.41295546558704455,0.875,XGBoost
0.055750686675310135,0.417004048582996,0.875,XGBoost
0.05627673864364624,0.42105263157894735,0.875,XGBoost
0.05641236528754234,0.4251012145748988,0.875,XGBoost
0.05674387514591217,0.42914979757085026,0.875,XGBoost
0.05695906654000282,0.4331983805668016,0.875,XGBoost
0.05849263072013855,0.43724696356275305,0.875,XGBoost
0.0609198734164238,0.4412955465587044,0.875,XGBoost
0.06117808073759079,0.44534412955465585,0.875,XGBoost
0.061350226402282715,0.4493927125506073,0.875,XGBoost
0.06316531449556351,0.45344129554655865,0.875,XGBoost
0.06329495459794998,0.4574898785425101,0.875,XGBoost
0.06336402148008347,0.46153846153846156,0.875,XGBoost
0.06337408721446991,0.4655870445344129,0.875,XGBoost
0.064170703291893,0.46963562753036436,0.875,XGBoost
0.06435705721378326,0.4736842105263158,0.875,XGBoost
0.06474924832582474,0.47773279352226716,0.875,XGBoost
0.06564289331436157,0.4817813765182186,0.875,XGBoost
0.06586001068353653,0.4858299595141701,0.875,XGBoost
0.06597644090652466,0.4898785425101214,0.875,XGBoost
0.06712370365858078,0.4898785425101214,0.8541666666666666,XGBoost
0.06861209124326706,0.4939271255060729,0.8541666666666666,XGBoost
0.06866773217916489,0.49797570850202433,0.8541666666666666,XGBoost
0.06978257745504379,0.5020242914979758,0.8541666666666666,XGBoost
0.07128984481096268,0.5060728744939271,0.8541666666666666,XGBoost
0.07156388461589813,0.5101214574898785,0.8541666666666666,XGBoost
0.07178100943565369,0.51417004048583,0.8541666666666666,XGBoost
0.07186004519462585,0.5182186234817814,0.8541666666666666,XGBoost
0.07442856580018997,0.5222672064777327,0.8541666666666666,XGBoost
0.07493305206298828,0.5263157894736843,0.8541666666666666,XGBoost
0.07603354752063751,0.5303643724696356,0.8541666666666666,XGBoost
0.07644433528184891,0.534412955465587,0.8541666666666666,XGBoost
0.079415462911129,0.5384615384615384,0.8541666666666666,XGBoost
0.07958932965993881,0.5425101214574899,0.8541666666666666,XGBoost
0.08014724403619766,0.5465587044534412,0.8541666666666666,XGBoost
0.08047772943973541,0.5506072874493927,0.8541666666666666,XGBoost
0.08052681386470795,0.5546558704453441,0.8541666666666666,XGBoost
0.08114747703075409,0.5546558704453441,0.8333333333333334,XGBoost
0.0829378217458725,0.5587044534412955,0.8333333333333334,XGBoost
0.08329445868730545,0.562753036437247,0.8333333333333334,XGBoost
0.08451127260923386,0.5668016194331984,0.8333333333333334,XGBoost
0.08514124900102615,0.5708502024291497,0.8333333333333334,XGBoost
0.08557704091072083,0.5748987854251012,0.8333333333333334,XGBoost
0.08810708671808243,0.5789473684210527,0.8333333333333334,XGBoost
0.08888883888721466,0.582995951417004,0.8333333333333334,XGBoost
0.09090780466794968,0.5870445344129555,0.8333333333333334,XGBoost
0.0914161205291748,0.5910931174089069,0.8333333333333334,XGBoost
0.09236009418964386,0.5951417004048583,0.8333333333333334,XGBoost
0.09267626702785492,0.5991902834008097,0.8333333333333334,XGBoost
0.09424307197332382,0.6032388663967612,0.8333333333333334,XGBoost
0.09599300473928452,0.6032388663967612,0.8125,XGBoost
0.09983348101377487,0.6072874493927125,0.8125,XGBoost
0.09989938139915466,0.611336032388664,0.8125,XGBoost
0.10073234140872955,0.6153846153846154,0.8125,XGBoost
0.10081257671117783,0.6194331983805668,0.8125,XGBoost
0.10100854188203812,0.6234817813765182,0.8125,XGBoost
0.10162966698408127,0.6275303643724697,0.8125,XGBoost
0.10399705916643143,0.6275303643724697,0.7916666666666666,XGBoost
0.10435165464878082,0.6275303643724697,0.7708333333333334,XGBoost
0.10437934100627899,0.631578947368421,0.7708333333333334,XGBoost
0.11152201890945435,0.6356275303643725,0.7708333333333334,XGBoost
0.1117301657795906,0.6396761133603239,0.7708333333333334,XGBoost
0.11177199333906174,0.6437246963562753,0.7708333333333334,XGBoost
0.11201298981904984,0.6437246963562753,0.75,XGBoost
0.11234854906797409,0.6477732793522267,0.75,XGBoost
0.11249137669801712,0.6518218623481782,0.75,XGBoost
0.11544374376535416,0.6558704453441295,0.75,XGBoost
0.11566565185785294,0.659919028340081,0.75,XGBoost
0.1169222816824913,0.6639676113360324,0.75,XGBoost
0.11694468557834625,0.6680161943319838,0.75,XGBoost
0.11765860766172409,0.6720647773279352,0.75,XGBoost
0.1191510558128357,0.6761133603238867,0.75,XGBoost
0.12034493684768677,0.680161943319838,0.75,XGBoost
0.12174785137176514,0.6842105263157895,0.75,XGBoost
0.12285591661930084,0.688259109311741,0.75,XGBoost
0.12433184683322906,0.6923076923076923,0.75,XGBoost
0.13093017041683197,0.6923076923076923,0.7291666666666666,XGBoost
0.13109631836414337,0.6963562753036437,0.7291666666666666,XGBoost
0.13291910290718079,0.7004048582995952,0.7291666666666666,XGBoost
0.13378110527992249,0.7044534412955465,0.7291666666666666,XGBoost
0.1373688280582428,0.708502024291498,0.7291666666666666,XGBoost
0.138616681098938,0.7125506072874495,0.7291666666666666,XGBoost
0.1392597258090973,0.7165991902834008,0.7291666666666666,XGBoost
0.13947416841983795,0.7206477732793521,0.7291666666666666,XGBoost
0.14124856889247894,0.7246963562753037,0.7291666666666666,XGBoost
0.14179781079292297,0.7246963562753037,0.7083333333333334,XGBoost
0.1418626457452774,0.728744939271255,0.7083333333333334,XGBoost
0.14269566535949707,0.7327935222672064,0.7083333333333334,XGBoost
0.14294959604740143,0.7327935222672064,0.6875,XGBoost
0.14658105373382568,0.736842105263158,0.6875,XGBoost
0.1484955996274948,0.7408906882591093,0.6875,XGBoost
0.14974917471408844,0.7449392712550607,0.6875,XGBoost
0.15364791452884674,0.7489878542510122,0.6875,XGBoost
0.1542084664106369,0.7530364372469636,0.6875,XGBoost
0.15575426816940308,0.757085020242915,0.6875,XGBoost
0.15805992484092712,0.7611336032388664,0.6875,XGBoost
0.1605377495288849,0.7651821862348178,0.6875,XGBoost
0.16127364337444305,0.7692307692307692,0.6875,XGBoost
0.16167424619197845,0.7732793522267206,0.6875,XGBoost
0.16459259390830994,0.7773279352226721,0.6875,XGBoost
0.16908396780490875,0.7813765182186234,0.6875,XGBoost
0.17042511701583862,0.7854251012145749,0.6875,XGBoost
0.17209899425506592,0.7894736842105263,0.6875,XGBoost
0.1729673445224762,0.7935222672064777,0.6875,XGBoost
0.17882151901721954,0.7935222672064777,0.6666666666666666,XGBoost
0.17960001528263092,0.7975708502024291,0.6666666666666666,XGBoost
0.18149302899837494,0.7975708502024291,0.6458333333333334,XGBoost
0.18439841270446777,0.8016194331983806,0.6458333333333334,XGBoost
0.1859351545572281,0.8016194331983806,0.625,XGBoost
0.1860155165195465,0.8056680161943319,0.625,XGBoost
0.18929681181907654,0.8097165991902834,0.625,XGBoost
0.19039380550384521,0.8137651821862348,0.625,XGBoost
0.19389088451862335,0.8178137651821862,0.625,XGBoost
0.19480517506599426,0.8218623481781376,0.625,XGBoost
0.19516092538833618,0.8259109311740891,0.625,XGBoost
0.19995814561843872,0.8299595141700404,0.625,XGBoost
0.20315110683441162,0.8340080971659919,0.625,XGBoost
0.21217681467533112,0.8340080971659919,0.6041666666666666,XGBoost
0.21614985167980194,0.8380566801619433,0.6041666666666666,XGBoost
0.22172272205352783,0.8421052631578947,0.6041666666666666,XGBoost
0.22933444380760193,0.8461538461538461,0.6041666666666666,XGBoost
0.23224639892578125,0.8502024291497976,0.6041666666666666,XGBoost
0.2355445921421051,0.854251012145749,0.6041666666666666,XGBoost
0.237219899892807,0.8582995951417004,0.6041666666666666,XGBoost
0.2381017953157425,0.8623481781376519,0.6041666666666666,XGBoost
0.2417105734348297,0.8623481781376519,0.5833333333333334,XGBoost
0.24185070395469666,0.8663967611336032,0.5833333333333334,XGBoost
0.25574570894241333,0.8704453441295547,0.5833333333333334,XGBoost
0.2663280665874481,0.8744939271255061,0.5833333333333334,XGBoost
0.2712201476097107,0.8744939271255061,0.5625,XGBoost
0.2713075876235962,0.8785425101214575,0.5625,XGBoost
0.27651554346084595,0.8825910931174089,0.5625,XGBoost
0.2765306234359741,0.8866396761133604,0.5625,XGBoost
0.29447686672210693,0.8866396761133604,0.5416666666666666,XGBoost
0.29495349526405334,0.8866396761133604,0.5208333333333334,XGBoost
0.2953229546546936,0.8866396761133604,0.5,XGBoost
0.2974835932254791,0.8866396761133604,0.4791666666666667,XGBoost
0.3024216592311859,0.8906882591093117,0.4791666666666667,XGBoost
0.306753933429718,0.8906882591093117,0.4583333333333333,XGBoost
0.32660603523254395,0.8906882591093117,0.4375,XGBoost
0.33492597937583923,0.8947368421052632,0.4375,XGBoost
0.3382551670074463,0.8987854251012146,0.4375,XGBoost
0.37750303745269775,0.902834008097166,0.4375,XGBoost
0.37985673546791077,0.9068825910931174,0.4375,XGBoost
0.38004744052886963,0.9109311740890689,0.4375,XGBoost
0.38040691614151,0.9109311740890689,0.4166666666666667,XGBoost
0.3940697908401489,0.9149797570850202,0.4166666666666667,XGBoost
0.39518308639526367,0.9149797570850202,0.3958333333333333,XGBoost
0.3988583981990814,0.9190283400809717,0.3958333333333333,XGBoost
0.40429505705833435,0.9230769230769231,0.3958333333333333,XGBoost
0.4224371016025543,0.9271255060728745,0.3958333333333333,XGBoost
0.430060476064682,0.9311740890688259,0.3958333333333333,XGBoost
0.4334721267223358,0.9352226720647774,0.3958333333333333,XGBoost
0.44163084030151367,0.9392712550607287,0.3958333333333333,XGBoost
0.4546705484390259,0.9392712550607287,0.375,XGBoost
0.4584546983242035,0.9392712550607287,0.3541666666666667,XGBoost
0.46067139506340027,0.9433198380566802,0.3541666666666667,XGBoost
0.47162485122680664,0.9473684210526316,0.3541666666666667,XGBoost
0.4770221412181854,0.9473684210526316,0.3333333333333333,XGBoost
0.48468902707099915,0.9473684210526316,0.3125,XGBoost
0.4941882789134979,0.951417004048583,0.3125,XGBoost
0.49769484996795654,0.9554655870445344,0.3125,XGBoost
0.5038708448410034,0.9554655870445344,0.2916666666666667,XGBoost
0.5145966410636902,0.9554655870445344,0.2708333333333333,XGBoost
0.5159355401992798,0.9595141700404858,0.2708333333333333,XGBoost
0.5219593048095703,0.9635627530364372,0.2708333333333333,XGBoost
0.5335819125175476,0.9635627530364372,0.25,XGBoost
0.5383300185203552,0.9635627530364372,0.22916666666666666,XGBoost
0.5554572939872742,0.9676113360323887,0.22916666666666666,XGBoost
0.5569321513175964,0.9676113360323887,0.20833333333333334,XGBoost
0.5624064207077026,0.97165991902834,0.20833333333333334,XGBoost
0.5752003788948059,0.9757085020242915,0.20833333333333334,XGBoost
0.5804948210716248,0.9757085020242915,0.1875,XGBoost
0.6115974187850952,0.9757085020242915,0.16666666666666666,XGBoost
0.6203868389129639,0.9757085020242915,0.14583333333333334,XGBoost
0.6361461877822876,0.9757085020242915,0.125,XGBoost
0.6459510922431946,0.979757085020243,0.125,XGBoost
0.654621422290802,0.9838056680161943,0.125,XGBoost
0.6766042113304138,0.9878542510121457,0.125,XGBoost
0.6822331547737122,0.9919028340080972,0.125,XGBoost
0.7054240107536316,0.9959514170040485,0.125,XGBoost
0.749039888381958,1,0.125,XGBoost
0.7505740523338318,1,0.10416666666666667,XGBoost
0.807203471660614,1,0.08333333333333333,XGBoost
0.9456970691680908,1,0.0625,XGBoost
0.9561907649040222,1,0.041666666666666664,XGBoost
0.9643037915229797,1,0.020833333333333332,XGBoost
Inf,1,0,XGBoost
