term,estimate,std.error,statistic,p.value,conf.low,conf.high
(Intercept),3.4230157674581907,0.4248053986319493,2.8966721464168947,0.003771436629990769,1.4847751309034847,7.852471053529734
age,0.9969043237352273,0.0031537425152403653,-0.9831106272672804,0.3255529944537731,0.9907232978002262,1.0030479033140018
distance_from_home,1.0003598517874326,0.0024868546046274845,0.1446755494419552,0.8849670447430462,0.9954684187588061,1.0052210278817872
monthly_income,0.9999609543923138,1.9085472380501907e-5,-2.045868669495252,0.040769293589148034,0.9999233994985928,0.9999982112405729
num_companies_worked,1.0104842670784455,0.008901301264461774,1.1717037754428852,0.2413160067222946,0.9928840749276988,1.028143881341481
percent_salary_hike,0.9899101487663162,0.008874671161545571,-1.1427013586911539,0.2531626055010307,0.9727688535292685,1.0072081953470384
stock_option_level,1.0193468051245158,0.030768006197847274,0.622790924595914,0.5334219229200137,0.9593701073881781,1.0823570065881032
total_working_years,1.003587276889651,0.005697348775930121,0.6285130328420241,0.5296679116891834,0.9923968002491066,1.0148113107486874
years_at_company,1.0207119866596635,0.00702872015665943,2.9166632714416596,0.0035379749862482286,1.0066618061512345,1.0347900277477582
years_in_current_role,0.9961767189817629,0.009572021704491384,-0.4001880227456999,0.6890180356618747,0.9777240283024641,1.0151099632063307
years_since_last_promotion,0.9954153188521239,0.008147523476774348,-0.5640024290464944,0.5727524790316798,0.9795840500485106,1.011382158420575
years_with_curr_manager,0.9716042773462711,0.009473822544991219,-3.040660657651476,0.002360597157716484,0.9537736520618997,0.9898631527025245
environment_satisfaction_1,0.9978829957521608,0.2035166797265975,-0.010413142902126764,0.9916916641996146,0.669849661967908,1.4876166470884655
environment_satisfaction_2,1.0548436459275696,0.17206236821393006,0.31030929997576434,0.7563257596309556,0.75366082455567,1.4795992781873415
environment_satisfaction_3,1.022824060861782,0.1155526836931539,0.19530042868788766,0.8451577614885459,0.8149243246090413,1.2819620698050098
environment_satisfaction_4,NA,NA,NA,NA,NA,NA
job_satisfaction_1,1.8530807319271463,0.21934114094885648,2.812283696136798,0.004919109606584925,1.2067752820037447,2.8516547183740633
job_satisfaction_2,3.3298989867544826,0.18845679800319268,6.383117945174446,1.7351815617349801e-10,2.3062981210255162,4.828435769552265
job_satisfaction_3,2.288606743319038,0.11454890088355887,7.22785829451914,4.906703053330494e-13,1.8288105370835124,2.8655831668403207
job_satisfaction_4,NA,NA,NA,NA,NA,NA
marital_status_Single,0.9828917986595274,0.055597001913323445,-0.3103807197110772,0.7562714541114195,0.8814472024312413,1.096111183456569
marital_status_Divorced,0.9633956775967222,0.052660026387156306,-0.7081476020396044,0.4788536013253198,0.8684620799027364,1.06761781249743
over_time_Yes,2.008844121170143,0.039815588221956806,17.519758559766185,1.012541841076004e-68,1.8578362668409765,2.1716866962617134
relationship_satisfaction_1,0.9509469245808585,0.20460279017903846,-0.24582767451480736,0.8058156331352071,0.636924800038068,1.420516968244019
relationship_satisfaction_2,1.0384508704626436,0.17113661956082998,0.22046745541122972,0.8255071156476328,0.743229293095411,1.4538158788313627
relationship_satisfaction_3,0.9908666816042154,0.11287667740591023,-0.08128590485722398,0.9352145831890137,0.7937387314273887,1.235588883784884
relationship_satisfaction_4,NA,NA,NA,NA,NA,NA
work_life_balance_1,1.038324001555874,0.24444991810145358,0.1538469579265791,0.877730407486115,0.6412645486043257,1.6723520280333077
work_life_balance_2,1.129886487507941,0.1676614071162965,0.7283558944543174,0.4663957549089432,0.8117033673578412,1.5663514811717174
work_life_balance_3,0.9670750206886759,0.11212937606240582,-0.2985765805251021,0.7652631367979532,0.7759431517980865,1.2043717393467324
work_life_balance_4,NA,NA,NA,NA,NA,NA
business_travel_Travel_Frequently,1.0219034178029476,0.05011508061570449,0.4323445941098556,0.6654909806657237,0.9255066873006669,1.1264525111820032
business_travel_Non.Travel,0.999188688755268,0.06927614736585926,-0.011716017224956259,0.990652184597336,0.8704228981506708,1.1421327310191047
department_Human.Resources,0.7309451294783623,0.28312575075991436,-1.1069882675156104,0.26829900092312614,0.4054815131217213,1.238636849605285
department_Sales,0.8626846711632474,0.1637629221394922,-0.9019504511270353,0.3670831892984538,0.6240290846358819,1.1870757956095261
education_1,1.4807209208257055,0.4821371503078322,0.8141440202077501,0.41556245035791917,0.5693455306849428,3.773086592223214
education_2,1.3064952742112423,0.41827649132029743,0.6391661840512711,0.5227148281883671,0.5719838458163976,2.950000277288202
education_3,1.1515135284256768,0.2550443815121818,0.553147604732095,0.5801623413852188,0.697173355554656,1.8952817341026083
education_4,0.9676944704560506,0.12465899641175889,-0.2634296133171875,0.792219468281096,0.7579615528362516,1.2356459046308268
education_5,NA,NA,NA,NA,NA,NA
education_field_Technical.Degree,1.4526904778743506,0.20807160999081728,1.7946578060982932,0.07270823701454902,0.9733655902060457,2.2048655736476297
education_field_Life.Sciences,1.64985926762874,0.19743350309399357,2.535993051241688,0.01121289590126933,1.130061829838624,2.455700208281689
education_field_Marketing,1.7255937069522826,0.20939132898117355,2.6055098454439167,0.009173763701687586,1.1533869458455956,2.6260153954212218
education_field_Medical,1.4795603874937733,0.19725217866164038,1.9860110587019388,0.04703209599745093,1.0137955446362021,2.2014887123053053
education_field_Other,1.5451529162208726,0.2098929616530507,2.073070373229132,0.03816573075056308,1.0312699877507707,2.352798237756804
gender_Female,0.9939813411801083,0.03990010375321233,-0.1512989536987383,0.8797398946088698,0.9190556083281315,1.0746712113896781
job_involvement_1,0.7914080712322158,0.2487501518347394,-0.9404679743158686,0.3469775695183405,0.4843590969313888,1.2846741877577412
job_involvement_2,0.9072586423634256,0.1719205589814936,-0.5661202337942053,0.5713120494037239,0.6462174017580223,1.2680414561215538
job_involvement_3,0.9470870111725993,0.10921877527066963,-0.4977560774147253,0.618655977490584,0.7643324268065455,1.172877652366842
job_involvement_4,NA,NA,NA,NA,NA,NA
job_level_1,1.4638238137433195,0.6643335298998562,0.5735854737765231,0.566248343941973,0.3990629072095467,5.401340337336969
job_level_2,1.0387995988776317,0.5904342963182336,0.06447087322605959,0.9485952986468071,0.3287474567466528,3.330703453038805
job_level_3,1.0287132619965116,0.4051466226312784,0.06987287931492853,0.9442948395272968,0.46736928595117627,2.2893448941121393
job_level_4,1.035852472922539,0.17997633723886014,0.19571869048921806,0.8448303544372878,0.7283157926225189,1.4751296518673305
job_level_5,NA,NA,NA,NA,NA,NA
job_role_Human.Resources,1.6575638461946602,0.3030108500061614,1.6677586360363026,0.09536365018554165,0.9368592898926231,3.0927242663732337
job_role_Laboratory.Technician,0.9639516732388883,0.10075050857630818,-0.3644062709156336,0.7155546534223691,0.7911133916035763,1.1744147954437079
job_role_Manager,1.0801699463573355,0.16363627578151424,0.47127928160586774,0.6374413089557712,0.7816859787425078,1.4850512211488887
job_role_Manufacturing.Director,0.890159384039992,0.09315460695786797,-1.249049863428169,0.21164683662498973,0.7412987946678373,1.0682648673339787
job_role_Research.Director,1.005578942248839,0.14397392695831734,0.03864197988992976,0.9691758321591154,0.7571470449814047,1.3316071170480357
job_role_Research.Scientist,0.8781870330686328,0.10115242993361222,-1.2841578437603205,0.19908673211886893,0.7201394093955273,1.0707383985828005
job_role_Sales.Executive,1.0238610309796183,0.17830658341952452,0.1322486529741319,0.8947876195313474,0.7231348143366463,1.455953783435822
job_role_Sales.Representative,1.0160870839276355,0.20348883301253948,0.07842719314920947,0.9374882431402065,0.6822886574406248,1.5159111197606436
performance_rating_X4,1.1813405903491974,0.08714324131901938,1.9123673231053429,0.05582909620360168,0.9960781630808154,1.4017359429321379
